{
  "buckets": {
    "capture_available": {
      "critic_mae": [
        0.025420691817998886,
        0.029095690697431564,
        0.02818874828517437,
        0.03288744390010834,
        0.06730906665325165,
        0.06661104410886765,
        0.04209055006504059,
        0.31294357776641846,
        0.022865982726216316,
        0.0493016242980957,
        0.05009289085865021,
        0.01674656569957733,
        0.01886841468513012,
        0.008689825423061848,
        0.0139228580519557,
        0.012007202953100204,
        0.01300907600671053,
        0.06243574246764183,
        0.05598362907767296,
        0.053392186760902405,
        0.05728398263454437,
        0.005601438693702221,
        0.21895448863506317,
        0.01082081999629736,
        0.018889909610152245,
        0.007543542888015509,
        1.0899477005004883,
        0.11810964345932007
      ],
      "num_samples": 100,
      "policy_kl": [
        0.3503395915031433,
        0.31261008977890015,
        0.42861008644104004,
        0.37510353326797485,
        0.0065548052079975605,
        0.04159360006451607,
        0.19494307041168213,
        0.12977862358093262,
        0.0009558452875353396,
        0.009305027313530445,
        0.005267443135380745,
        0.07555170357227325,
        0.008339151740074158,
        0.01071641594171524,
        0.0023029365111142397,
        0.026396572589874268,
        0.058291245251894,
        0.007089218124747276,
        0.006066442932933569,
        0.006881081964820623,
        0.004354426637291908,
        0.0018136297585442662,
        1.4898009300231934,
        0.014519376680254936,
        0.05069289356470108,
        0.002259277505800128,
        0.4888854920864105,
        0.023408712819218636
      ]
    },
    "capture_roll_3_only": {
      "critic_mae": [
        0.01943514496088028,
        0.024039603769779205,
        0.01936253346502781,
        0.027040166780352592,
        0.03847011923789978,
        0.06166822835803032,
        0.036778613924980164,
        0.1948210746049881,
        0.008674786426126957,
        0.07182324677705765,
        0.10072095692157745,
        0.0218650009483099,
        0.021843180060386658,
        0.012312540784478188,
        0.008077659644186497,
        0.016952119767665863,
        0.012793374247848988,
        0.08398492634296417,
        0.026523854583501816,
        0.032397281378507614,
        0.03183780238032341,
        0.003846883773803711,
        0.04630967229604721,
        0.00612514978274703,
        0.008686738088726997,
        0.004080540966242552,
        1.356717586517334,
        0.10532484203577042
      ],
      "num_samples": 25,
      "policy_kl": [
        0.19873061776161194,
        0.18678446114063263,
        0.08176366984844208,
        0.22926771640777588,
        0.011143543757498264,
        0.05908172205090523,
        0.12892399728298187,
        0.15203064680099487,
        0.0002912392374128103,
        0.01943991705775261,
        0.009977134875953197,
        0.0034420243464410305,
        0.01079856138676405,
        0.008440098725259304,
        0.004074162803590298,
        0.012131299823522568,
        0.017041197046637535,
        0.011368909850716591,
        0.03197147697210312,
        0.014724543318152428,
        0.0036885004956275225,
        0.01616937853395939,
        0.15006612241268158,
        0.03410644829273224,
        0.028677545487880707,
        0.010098500177264214,
        0.7851598858833313,
        0.009737479500472546
      ]
    },
    "home_stretch_2plus": {
      "critic_mae": [
        0.03701980039477348,
        0.044446419924497604,
        0.03197765722870827,
        0.03546830266714096,
        0.10559272766113281,
        0.08634205907583237,
        0.06392117589712143,
        0.5215964317321777,
        0.06076732650399208,
        0.03219712898135185,
        0.06053275242447853,
        0.01365352887660265,
        0.009295381605625153,
        0.010739436373114586,
        0.008781238459050655,
        0.010458666831254959,
        0.01486208662390709,
        0.1142023503780365,
        0.07256956398487091,
        0.10002971440553665,
        0.08490493148565292,
        0.0015222961083054543,
        0.007609246764332056,
        0.031339969485998154,
        0.027509426698088646,
        0.005389025900512934,
        0.6271540522575378,
        0.1424359530210495
      ],
      "num_samples": 100,
      "policy_kl": [
        0.08232612907886505,
        0.15435725450515747,
        0.11989136040210724,
        0.15215596556663513,
        0.003361881710588932,
        0.02712065540254116,
        0.13194435834884644,
        0.020854560658335686,
        0.0032538080122321844,
        0.0026084482669830322,
        0.004478477872908115,
        0.02091987431049347,
        0.004065776709467173,
        0.0052442788146436214,
        0.001611985731869936,
        0.0011662322795018554,
        0.0016769996145740151,
        0.008102351799607277,
        0.005936501082032919,
        0.0046002790331840515,
        0.00428122328594327,
        0.005587090738117695,
        0.12946717441082,
        0.07979422062635422,
        0.02333783358335495,
        0.000608050380833447,
        0.33711785078048706,
        0.031176788732409477
      ]
    },
    "leading_token_in_danger": {
      "critic_mae": [
        0.01921428181231022,
        0.01956980489194393,
        0.023134777322411537,
        0.027969706803560257,
        0.037155069410800934,
        0.07722415775060654,
        0.029079144820570946,
        0.17376357316970825,
        0.0013976586051285267,
        0.09238184988498688,
        0.10549358278512955,
        0.010589723475277424,
        0.01803116872906685,
        0.020716490224003792,
        0.014898573979735374,
        0.02144904062151909,
        0.013879123143851757,
        0.05803171545267105,
        0.03773307427763939,
        0.04205799102783203,
        0.03649195283651352,
        0.013929703272879124,
        0.006404135376214981,
        0.009525928646326065,
        0.038349758833646774,
        0.005135815124958754,
        1.4045977592468262,
        0.10207545012235641
      ],
      "num_samples": 100,
      "policy_kl": [
        0.2214352935552597,
        0.173100546002388,
        0.12287873029708862,
        0.14678075909614563,
        0.008995059877634048,
        0.05822554603219032,
        0.08676992356777191,
        0.03800348937511444,
        8.206562779378146e-05,
        0.041764434427022934,
        0.009938094764947891,
        0.03931889310479164,
        0.0034645781852304935,
        0.008758550509810448,
        0.011336595751345158,
        0.02294720895588398,
        0.015945300459861755,
        0.009297093376517296,
        0.031554851680994034,
        0.012519752606749535,
        0.009773727506399155,
        0.03278936818242073,
        0.13121263682842255,
        0.023028971627354622,
        0.09855961054563522,
        0.015762122347950935,
        1.046644926071167,
        0.01896686479449272
      ]
    },
    "roll_3": {
      "critic_mae": [
        0.012267906218767166,
        0.01368496660143137,
        0.013776571489870548,
        0.019718453288078308,
        0.02511586621403694,
        0.05417324975132942,
        0.02371874637901783,
        0.09116725623607635,
        0.0008683651685714722,
        0.06845850497484207,
        0.1762598752975464,
        0.0,
        0.0,
        0.08346754312515259,
        0.0,
        0.0,
        0.0,
        0.028763422742486,
        0.021074485033750534,
        0.022704916074872017,
        0.020481184124946594,
        0.0022766506299376488,
        0.005408222787082195,
        0.0025549614802002907,
        0.0,
        0.0030042636208236217,
        1.518638014793396,
        0.06405169516801834
      ],
      "num_samples": 100,