{
  "num_states": 1000,
  "num_layers": 11,
  "labels": [
    "Stem",
    "Block 0",
    "Block 1",
    "Block 2",
    "Block 3",
    "Block 4",
    "Block 5",
    "Block 6",
    "Block 7",
    "Block 8",
    "Block 9"
  ],
  "cka_matrix": [
    [
      1.0,
      0.6494014859199524,
      0.4538682699203491,
      0.3573780357837677,
      0.32660290598869324,
      0.35113126039505005,
      0.26195642352104187,
      0.2509479224681854,
      0.25237154960632324,
      0.25332310795783997,
      0.25306957960128784
    ],
    [
      0.6494014859199524,
      1.0,
      0.831757128238678,
      0.685815691947937,
      0.6899566650390625,
      0.6839708089828491,
      0.4951438009738922,
      0.48195332288742065,
      0.47452008724212646,
      0.47091934084892273,
      0.470784991979599
    ],
    [
      0.4538682699203491,
      0.831757128238678,
      1.0,
      0.9138960838317871,
      0.8220476508140564,
      0.874144434928894,
      0.7949475049972534,
      0.766782283782959,
      0.7740852236747742,
      0.7798110246658325,
      0.7787193059921265
    ],
    [
      0.3573780357837677,
      0.685815691947937,
      0.9138960838317871,
      1.0,
      0.9512979388237,
      0.9702377915382385,
      0.9534188508987427,
      0.9376212954521179,
      0.9430887699127197,
      0.9443179965019226,
      0.9440117478370667
    ],
    [
      0.32660290598869324,
      0.6899566650390625,
      0.8220476508140564,
      0.9512979388237,
      1.0,
      0.9590420722961426,
      0.9091989398002625,
      0.9145886301994324,
      0.9031225442886353,
      0.8923015594482422,
      0.8933135271072388
    ],
    [
      0.35113126039505005,
      0.6839708089828491,
      0.874144434928894,
      0.9702377915382385,
      0.9590420722961426,
      1.0,
      0.9252802133560181,
      0.9119448065757751,
      0.9147096276283264,
      0.9156919121742249,
      0.9149995446205139
    ],
    [
      0.26195642352104187,
      0.4951438009738922,
      0.7949475049972534,
      0.9534188508987427,
      0.9091989398002625,
      0.9252802133560181,
      1.0,
      0.9944930076599121,
      0.9975156784057617,
      0.9955190420150757,
      0.9956928491592407
    ],
    [
      0.2509479224681854,
      0.48195332288742065,
      0.766782283782959,
      0.9376212954521179,
      0.9145886301994324,
      0.9119448065757751,
      0.9944930076599121,
      1.0,
      0.9957587122917175,
      0.9881015419960022,
      0.9889347553253174
    ],
    [
      0.25237154960632324,
      0.47452008724212646,
      0.7740852236747742,
      0.9430887699127197,
      0.9031225442886353,
      0.9147096276283264,
      0.9975156784057617,
      0.9957587122917175,
      1.0,
      0.9977930188179016,
      0.9982125163078308
    ],
    [
      0.25332310795783997,
      0.47091934084892273,
      0.7798110246658325,
      0.9443179965019226,
      0.8923015594482422,
      0.9156919121742249,
      0.9955190420150757,
      0.9881015419960022,
      0.9977930188179016,
      1.0,
      0.9998419284820557
    ],
    [
      0.25306957960128784,
      0.470784991979599,
      0.7787193059921265,
      0.9440117478370667,
      0.8933135271072388,
      0.9149995446205139,
      0.9956928491592407,
      0.9889347553253174,
      0.9982125163078308,
      0.9998419284820557,
      1.0
    ]
  ],
  "consecutive_cka": [
    {
      "pair": [
        "Stem",
        "Block 0"
      ],
      "cka": 0.6494014859199524
    },
    {
      "pair": [
        "Block 0",
        "Block 1"
      ],
      "cka": 0.831757128238678
    },
    {
      "pair": [
        "Block 1",
        "Block 2"
      ],
      "cka": 0.9138960838317871
    },
    {
      "pair": [
        "Block 2",
        "Block 3"
      ],
      "cka": 0.9512979388237
    },
    {
      "pair": [
        "Block 3",
        "Block 4"
      ],
      "cka": 0.9590420722961426
    },
    {
      "pair": [
        "Block 4",
        "Block 5"
      ],
      "cka": 0.9252802133560181
    },
    {
      "pair": [
        "Block 5",
        "Block 6"
      ],
      "cka": 0.9944930076599121
    },
    {
      "pair": [
        "Block 6",
        "Block 7"
      ],
      "cka": 0.9957587122917175
    },
    {
      "pair": [
        "Block 7",
        "Block 8"
      ],
      "cka": 0.9977930188179016
    },
    {
      "pair": [
        "Block 8",
        "Block 9"
      ],
      "cka": 0.9998419284820557
    }
  ],
  "redundant_pairs_095": [
    {
      "pair": [
        "Block 2",
        "Block 3"
      ],
      "cka": 0.9512979388237
    },
    {
      "pair": [
        "Block 3",
        "Block 4"
      ],
      "cka": 0.9590420722961426
    },
    {
      "pair": [
        "Block 5",
        "Block 6"
      ],
      "cka": 0.9944930076599121
    },
    {
      "pair": [
        "Block 6",
        "Block 7"
      ],
      "cka": 0.9957587122917175
    },
    {
      "pair": [
        "Block 7",
        "Block 8"
      ],
      "cka": 0.9977930188179016
    },
    {
      "pair": [
        "Block 8",
        "Block 9"
      ],
      "cka": 0.9998419284820557
    }
  ],
  "high_similarity_090": [
    {
      "pair": [
        "Block 1",
        "Block 2"
      ],
      "cka": 0.9138960838317871
    },
    {
      "pair": [
        "Block 4",
        "Block 5"
      ],
      "cka": 0.9252802133560181
    }
  ]
}