{
  "buckets": {
    "capture_available": {
      "masked": {
        "flip_any_roll": 47,
        "flip_roll6_vs_roll1": 43,
        "js_pairwise_mean": 0.1302839070558548,
        "js_pairwise_std": 0.19187748432159424,
        "js_vs_roll1_mean": 0.13129836320877075,
        "num_states": 80,
        "roll_entropy_mean": [
          0.29897138476371765,
          0.3409119248390198,
          0.33709412813186646,
          0.3774394989013672,
          0.4270733892917633,
          0.5691649317741394
        ],
        "roll_topprob_mean": [
          0.89512699842453,
          0.8654981851577759,
          0.8764282464981079,
          0.8578912019729614,
          0.8253401517868042,
          0.767067551612854
        ],
        "value_range_mean": 0.09368328750133514,
        "value_std_mean": 0.03233359381556511
      },
      "unmasked": {
        "flip_any_roll": 49,
        "flip_roll6_vs_roll1": 43,
        "js_pairwise_mean": 0.1181480661034584,
        "js_pairwise_std": 0.16041308641433716,
        "js_vs_roll1_mean": 0.1373382955789566,
        "num_states": 80,
        "roll_entropy_mean": [
          0.38324952125549316,
          0.4743342399597168,
          0.5681566596031189,
          0.6415704488754272,
          0.7124404907226562,
          0.6724433302879333
        ],
        "roll_topprob_mean": [
          0.8766219019889832,
          0.8252285122871399,
          0.785837709903717,
          0.7541305422782898,
          0.7095136642456055,
          0.7331622838973999
        ],
        "value_range_mean": 0.09368328750133514,
        "value_std_mean": 0.03233359381556511
      }
    },
    "capture_roll_3_only": {
      "masked": {
        "flip_any_roll": 22,
        "flip_roll6_vs_roll1": 20,
        "js_pairwise_mean": 0.18273138999938965,
        "js_pairwise_std": 0.26074594259262085,
        "js_vs_roll1_mean": 0.12426863610744476,
        "num_states": 25,
        "roll_entropy_mean": [
          0.5524560809135437,
          0.4972652494907379,
          0.5422884821891785,
          0.5323991179466248,
          0.5001056790351868,
          0.4498116672039032
        ],
        "roll_topprob_mean": [
          0.7366560101509094,
          0.7733656167984009,
          0.7617476582527161,
          0.7739579677581787,
          0.7835633158683777,
          0.8651750087738037
        ],
        "value_range_mean": 0.10488534718751907,
        "value_std_mean": 0.03441575542092323
      },
      "unmasked": {
        "flip_any_roll": 20,
        "flip_roll6_vs_roll1": 13,
        "js_pairwise_mean": 0.09425172954797745,
        "js_pairwise_std": 0.12210215628147125,
        "js_vs_roll1_mean": 0.07977285981178284,
        "num_states": 25,
        "roll_entropy_mean": [
          0.9537083506584167,
          0.863716721534729,
          0.939238965511322,
          0.9824915528297424,
          0.9112870693206787,
          0.4646502435207367
        ],
        "roll_topprob_mean": [
          0.5894148349761963,
          0.6445590257644653,
          0.6024539470672607,
          0.5685108304023743,
          0.6002295613288879,
          0.860440194606781
        ],
        "value_range_mean": 0.10488534718751907,
        "value_std_mean": 0.03441575542092323
      }
    },
    "home_stretch_2plus": {
      "masked": {
        "flip_any_roll": 72,
        "flip_roll6_vs_roll1": 69,
        "js_pairwise_mean": 0.25934815406799316,
        "js_pairwise_std": 0.25000739097595215,
        "js_vs_roll1_mean": 0.3903093636035919,
        "num_states": 80,
        "roll_entropy_mean": [
          0.8490239977836609,
          0.611923098564148,
          0.4213547706604004,
          0.3822057843208313,
          0.35112714767456055,
          0.24151000380516052
        ],
        "roll_topprob_mean": [
          0.6229169368743896,
          0.7262865900993347,
          0.7992599010467529,
          0.8145383596420288,
          0.8290680050849915,
          0.8871830701828003
        ],
        "value_range_mean": 0.09921157360076904,
        "value_std_mean": 0.03374668210744858
      },
      "unmasked": {
        "flip_any_roll": 58,
        "flip_roll6_vs_roll1": 47,
        "js_pairwise_mean": 0.05606754124164581,
        "js_pairwise_std": 0.08709736913442612,
        "js_vs_roll1_mean": 0.06477309763431549,
        "num_states": 80,
        "roll_entropy_mean": [
          0.9558330774307251,
          0.9681878089904785,
          0.9641740918159485,
          0.968603253364563,
          1.0223208665847778,
          0.9313231706619263
        ],
        "roll_topprob_mean": [
          0.5817058682441711,
          0.5789849162101746,
          0.5815730690956116,
          0.5689402222633362,
          0.5388301610946655,
          0.6018659472465515
        ],
        "value_range_mean": 0.09921157360076904,
        "value_std_mean": 0.03374668210744858
      }
    },
    "leading_token_in_danger": {
      "masked": {
        "flip_any_roll": 76,
        "flip_roll6_vs_roll1": 75,
        "js_pairwise_mean": 0.1728377491235733,
        "js_pairwise_std": 0.24975958466529846,
        "js_vs_roll1_mean": 0.11845547705888748,
        "num_states": 80,
        "roll_entropy_mean": [
          0.5804007649421692,
          0.5389582514762878,
          0.5316314101219177,
          0.5110107660293579,
          0.49308982491493225,
          0.591183066368103
        ],
        "roll_topprob_mean": [
          0.7219713926315308,
          0.742996871471405,
          0.7478666305541992,
          0.7650125622749329,
          0.7777652144432068,
          0.7900013327598572
        ],
        "value_range_mean": 0.13012370467185974,
        "value_std_mean": 0.04368366673588753
      },
      "unmasked": {
        "flip_any_roll": 67,
        "flip_roll6_vs_roll1": 60,
        "js_pairwise_mean": 0.09436435252428055,
        "js_pairwise_std": 0.1321927011013031,
        "js_vs_roll1_mean": 0.07673110067844391,
        "num_states": 80,
        "roll_entropy_mean": [
          1.0263416767120361,
          0.9492095708847046,
          0.9793864488601685,
          0.9584745168685913,
          0.945159912109375,
          0.591183066368103
        ],
        "roll_topprob_mean": [
          0.5557882189750671,
          0.5859636068344116,
          0.5661944150924683,
          0.5879233479499817,
          0.6014024615287781,
          0.7900013327598572
        ],
        "value_range_mean": 0.13012370467185974,
        "value_std_mean": 0.04368366673588753
      }
    },
    "roll_3": {
      "masked": {
        "flip_any_roll": 77,
        "flip_roll6_vs_roll1": 76,
        "js_pairwise_mean": 0.17554911971092224,
        "js_pairwise_std": 0.25413820147514343,
        "js_vs_roll1_mean": 0.11257170885801315,
        "num_states": 80,
        "roll_entropy_mean": [
          0.3930181860923767,
          0.33828261494636536,
          0.3497048020362854,
          0.37804263830184937,
          0.3803921043872833,
          0.6660357713699341
        ],
        "roll_topprob_mean": [
          0.8179923892021179,
          0.8468190431594849,
          0.8425143361091614,
          0.8186060190200806,
          0.8157066106796265,
          0.7683896422386169
        ],
        "value_range_mean": 0.0735621377825737,
        "value_std_mean": 0.024798836559057236
      },
      "unmasked": {
        "flip_any_roll": 64,
        "flip_roll6_vs_roll1": 53,
        "js_pairwise_mean": 0.07572044432163239,
        "js_pairwise_std": 0.10335943102836609,
        "js_vs_roll1_mean": 0.058521732687950134,
        "num_states": 80,
        "roll_entropy_mean": [
          1.0520250797271729,
          0.9064298868179321,
          0.9554003477096558,
          0.9784238934516907,
          0.9740025401115417,
          0.6660357713699341
        ],