{
  "buckets": {
    "capture_available": {
      "masked": {
        "flip_any_roll": 191,
        "flip_roll6_vs_roll1": 170,
        "js_pairwise_mean": 0.23505444824695587,
        "js_pairwise_std": 0.23863311111927032,
        "js_vs_roll1_mean": 0.23348784446716309,
        "num_states": 200,
        "roll_entropy_mean": [
          0.5139625668525696,
          0.5178313255310059,
          0.4952094256877899,
          0.48955824971199036,
          0.4809829294681549,
          0.6166033744812012
        ],
        "roll_topprob_mean": [
          0.7652801275253296,
          0.765439510345459,
          0.7829271554946899,
          0.7816477417945862,
          0.789499044418335,
          0.7491291165351868
        ],
        "value_range_mean": 0.6592031717300415,
        "value_std_mean": 0.23428939282894135
      },
      "unmasked": {
        "flip_any_roll": 194,
        "flip_roll6_vs_roll1": 154,
        "js_pairwise_mean": 0.19674544036388397,
        "js_pairwise_std": 0.20066550374031067,
        "js_vs_roll1_mean": 0.21442441642284393,
        "num_states": 200,
        "roll_entropy_mean": [
          0.8085805773735046,
          0.850186824798584,
          0.8158876299858093,
          0.8349481225013733,
          0.8788068294525146,
          0.7142736911773682
        ],
        "roll_topprob_mean": [
          0.6456299424171448,
          0.6342425346374512,
          0.6545213460922241,
          0.6368328332901001,
          0.619300365447998,
          0.712815523147583
        ],
        "value_range_mean": 0.6592031717300415,
        "value_std_mean": 0.23428939282894135
      }
    },
    "capture_roll_3_only": {
      "masked": {
        "flip_any_roll": 49,
        "flip_roll6_vs_roll1": 48,
        "js_pairwise_mean": 0.25020739436149597,
        "js_pairwise_std": 0.2502772808074951,
        "js_vs_roll1_mean": 0.1675415337085724,
        "num_states": 50,
        "roll_entropy_mean": [
          0.5293455719947815,
          0.5230790972709656,
          0.3075175881385803,
          0.5005261898040771,
          0.5064789056777954,
          0.7584494948387146
        ],
        "roll_topprob_mean": [
          0.7426488995552063,
          0.748971700668335,
          0.8855571746826172,
          0.763225793838501,
          0.7519028186798096,
          0.706066370010376
        ],
        "value_range_mean": 0.4653410017490387,
        "value_std_mean": 0.16264300048351288
      },
      "unmasked": {
        "flip_any_roll": 48,
        "flip_roll6_vs_roll1": 37,
        "js_pairwise_mean": 0.16074414551258087,
        "js_pairwise_std": 0.16081920266151428,
        "js_vs_roll1_mean": 0.1181766539812088,
        "num_states": 50,
        "roll_entropy_mean": [
          1.0923289060592651,
          1.0700196027755737,
          0.7151861786842346,
          1.0762823820114136,
          1.0682412385940552,
          0.768821656703949
        ],
        "roll_topprob_mean": [
          0.4908939003944397,
          0.5180158019065857,
          0.7280941009521484,
          0.5042582750320435,
          0.5047702789306641,
          0.7041333913803101
        ],
        "value_range_mean": 0.4653410017490387,
        "value_std_mean": 0.16264300048351288
      }
    },
    "home_stretch_2plus": {
      "masked": {
        "flip_any_roll": 192,
        "flip_roll6_vs_roll1": 170,
        "js_pairwise_mean": 0.31028011441230774,
        "js_pairwise_std": 0.2622235119342804,
        "js_vs_roll1_mean": 0.43434247374534607,
        "num_states": 200,
        "roll_entropy_mean": [
          0.5222243666648865,
          0.416954904794693,
          0.40231209993362427,
          0.3761827051639557,
          0.3762187957763672,
          0.2747523784637451
        ],
        "roll_topprob_mean": [
          0.7729285955429077,
          0.8113344311714172,
          0.809278666973114,
          0.8107613921165466,
          0.8027738928794861,
          0.8646310567855835
        ],
        "value_range_mean": 0.5383274555206299,
        "value_std_mean": 0.18397146463394165
      },
      "unmasked": {
        "flip_any_roll": 184,
        "flip_roll6_vs_roll1": 122,
        "js_pairwise_mean": 0.16946278512477875,
        "js_pairwise_std": 0.19848451018333435,
        "js_vs_roll1_mean": 0.23024068772792816,
        "num_states": 200,
        "roll_entropy_mean": [
          0.6529281735420227,
          0.707543134689331,
          0.7555122375488281,
          0.8301020860671997,
          0.7807208299636841,
          0.7516934871673584
        ],
        "roll_topprob_mean": [
          0.7220590114593506,
          0.7070239186286926,
          0.6857003569602966,
          0.6465596556663513,
          0.6652851104736328,
          0.6961715817451477
        ],
        "value_range_mean": 0.5383274555206299,
        "value_std_mean": 0.18397146463394165
      }
    },
    "leading_token_in_danger": {
      "masked": {
        "flip_any_roll": 197,
        "flip_roll6_vs_roll1": 183,
        "js_pairwise_mean": 0.20633363723754883,
        "js_pairwise_std": 0.2355625480413437,
        "js_vs_roll1_mean": 0.17549915611743927,
        "num_states": 200,
        "roll_entropy_mean": [
          0.5536872744560242,
          0.584797203540802,
          0.580233097076416,
          0.610255241394043,
          0.6030889749526978,
          0.7931780815124512
        ],
        "roll_topprob_mean": [
          0.7393485903739929,
          0.7289815545082092,
          0.7251906394958496,
          0.7056949734687805,
          0.708841860294342,
          0.6976321935653687
        ],
        "value_range_mean": 0.55063396692276,
        "value_std_mean": 0.18901942670345306
      },
      "unmasked": {
        "flip_any_roll": 195,
        "flip_roll6_vs_roll1": 146,
        "js_pairwise_mean": 0.1257118582725525,
        "js_pairwise_std": 0.14776934683322906,
        "js_vs_roll1_mean": 0.1375199407339096,
        "num_states": 200,
        "roll_entropy_mean": [
          0.9825708270072937,
          1.0574274063110352,
          1.0521537065505981,
          1.0818153619766235,
          1.089673638343811,
          0.7931780815124512
        ],
        "roll_topprob_mean": [
          0.5582578778266907,
          0.5250219106674194,
          0.5145644545555115,
          0.5008172392845154,
          0.5002979636192322,
          0.6976321935653687
        ],
        "value_range_mean": 0.55063396692276,
        "value_std_mean": 0.18901942670345306
      }
    },
    "roll_3": {
      "masked": {
        "flip_any_roll": 194,
        "flip_roll6_vs_roll1": 190,
        "js_pairwise_mean": 0.19170407950878143,
        "js_pairwise_std": 0.25515326857566833,
        "js_vs_roll1_mean": 0.13225510716438293,
        "num_states": 200,
        "roll_entropy_mean": [
          0.35378116369247437,
          0.3530990481376648,
          0.3539612293243408,
          0.35808274149894714,
          0.38062798976898193,
          0.9477549195289612
        ],
        "roll_topprob_mean": [
          0.8293713927268982,
          0.8308656215667725,
          0.8270459771156311,
          0.8247604370117188,
          0.8058519959449768,
          0.6217550039291382
        ],
        "value_range_mean": 0.36208876967430115,
        "value_std_mean": 0.12196826189756393
      },
      "unmasked": {
        "flip_any_roll": 189,
        "flip_roll6_vs_roll1": 161,
        "js_pairwise_mean": 0.07077761739492416,
        "js_pairwise_std": 0.09486453980207443,
        "js_vs_roll1_mean": 0.06290677934885025,
        "num_states": 200,
        "roll_entropy_mean": [
          1.2146151065826416,
          1.2022205591201782,
          1.1922675371170044,
          1.2156668901443481,
          1.2053641080856323,
          0.9525946974754333
        ],