{
  "buckets": {
    "capture_available": {
      "critic_mae": [
        0.20259089767932892,
        0.2461801916360855,
        0.2386431097984314,
        0.19520016014575958,
        0.5611222982406616,
        0.1414133757352829,
        0.43451759219169617,
        0.44766944646835327,
        0.05661880597472191,
        0.1784844547510147,
        0.21220052242279053,
        0.05793067812919617,
        0.03830684348940849,
        0.044466763734817505,
        0.02419314906001091,
        0.06845231354236603,
        0.08346673846244812
      ],
      "num_samples": 200,
      "policy_kl": [
        0.4141858220100403,
        0.8002565503120422,
        0.8906948566436768,
        0.578772783279419,
        1.0330427885055542,
        0.10740765929222107,
        0.394070029258728,
        0.21232354640960693,
        0.003155861981213093,
        0.0216598492115736,
        0.005255159921944141,
        0.40616998076438904,
        0.208570197224617,
        0.19372710585594177,
        0.052862219512462616,
        0.09543075412511826,
        0.14505580067634583
      ]
    },
    "capture_roll_3_only": {
      "critic_mae": [
        0.06898601353168488,
        0.14046628773212433,
        0.09667094051837921,
        0.08935396373271942,
        0.274482786655426,
        0.09337984025478363,
        0.24712146818637848,
        0.2777630686759949,
        0.02456432767212391,
        0.1636071801185608,
        0.3585558235645294,
        0.02818380855023861,
        0.026152601465582848,
        0.012668676674365997,
        0.0584840327501297,
        0.07201465964317322,
        0.031600404530763626
      ],
      "num_samples": 50,
      "policy_kl": [
        0.12499591708183289,
        0.31192147731781006,
        0.4809938669204712,
        0.560741126537323,
        0.37178677320480347,
        0.11788078397512436,
        0.1795630007982254,
        0.0801762267947197,
        0.00024642731295898557,
        0.04240022599697113,
        0.017008204013109207,
        0.04377540573477745,
        0.04997643455862999,
        0.0499529205262661,
        0.03815578669309616,
        0.06357833743095398,
        0.2567048668861389
      ]
    },
    "home_stretch_2plus": {
      "critic_mae": [
        0.32204779982566833,
        0.27919846773147583,
        0.2524874806404114,
        0.23064911365509033,
        1.2043061256408691,
        0.1015438586473465,
        0.5522984862327576,
        1.0809409618377686,
        0.12314693629741669,
        0.14211483299732208,
        0.1714821308851242,
        0.0443585030734539,
        0.03607390075922012,
        0.038938503712415695,
        0.027187194675207138,
        0.027202339842915535,
        0.03964691609144211
      ],
      "num_samples": 200,
      "policy_kl": [
        0.47849801182746887,
        0.32641857862472534,
        0.36055848002433777,
        0.47364306449890137,
        0.0746641680598259,
        0.0422079898416996,
        0.22648854553699493,
        0.054030485451221466,
        0.010088527575135231,
        0.005781387910246849,
        0.0064484369941055775,
        0.25996294617652893,
        0.07433493435382843,
        0.028183715417981148,
        0.011829828843474388,
        0.003924951422959566,
        0.017567820847034454
      ]
    },
    "leading_token_in_danger": {
      "critic_mae": [
        0.07520168274641037,
        0.12429007887840271,
        0.0957203134894371,
        0.09339778870344162,
        0.324423223733902,
        0.10876116901636124,
        0.29778730869293213,
        0.31518998742103577,
        0.008549067191779613,
        0.30685433745384216,
        0.5007175207138062,
        0.035328224301338196,
        0.030619286000728607,
        0.05042370781302452,
        0.03024419955909252,
        0.036300212144851685,
        0.02763894572854042
      ],
      "num_samples": 200,
      "policy_kl": [
        0.15982812643051147,
        0.2681320607662201,
        0.23389282822608948,
        0.32868775725364685,
        0.33219581842422485,
        0.11830711364746094,
        0.10854403674602509,
        0.09411485493183136,
        0.000498214503750205,
        0.026597263291478157,
        0.020701799541711807,
        0.05301574617624283,
        0.03441621735692024,
        0.03297821059823036,
        0.04383865371346474,
        0.04770030081272125,
        0.08549056947231293
      ]
    },
    "roll_3": {
      "critic_mae": [
        0.06494860351085663,
        0.10964351892471313,
        0.07871583849191666,
        0.07277901470661163,
        0.35065436363220215,
        0.06976518779993057,
        0.1677194982767105,
        0.16605663299560547,
        0.0,
        0.2195531129837036,
        0.8792564272880554,
        0.0,
        0.0,
        0.19193994998931885,
        0.0,
        0.0,
        0.0
      ],
      "num_samples": 200,
      "policy_kl": [
        0.11452271789312363,
        0.16002780199050903,
        0.11933231353759766,
        0.19231852889060974,
        0.1568426489830017,
        0.0656646192073822,
        0.03346572816371918,
        0.03836190700531006,
        0.0,
        0.01528248656541109,
        0.01674639619886875,
        0.0,
        0.0,
        0.10944261401891708,
        0.0,
        0.0,
        0.0
      ]
    },
    "roll_6": {
      "critic_mae": [
        0.06481015682220459,
        0.07543795555830002,
        0.062456075102090836,
        0.05576540157198906,
        0.2025149166584015,
        0.03458377346396446,
        0.09001751244068146,
        0.09631919860839844,
        0.0,
        0.11731363087892532,
        1.0177338123321533,
        0.0,
        0.0,
        0.0,
        0.0,
        0.0,
        0.1328781545162201
      ],
      "num_samples": 200,
      "policy_kl": [
        0.7957876324653625,
        0.47604507207870483,
        0.2720721364021301,
        0.40909481048583984,
        0.26106035709381104,
        0.018634404987096786,
        0.05889715999364853,
        0.038694992661476135,
        0.0,
        0.08125709742307663,
        0.14118583500385284,
        0.0,
        0.0,
        0.0,
        0.0,
        0.0,
        0.39813941717147827
      ]
    }
  },
  "global": {
    "critic_mae": [
      0.052546240389347076,
      0.0708991214632988,
      0.07623089104890823,
      0.056103553622961044,
      0.2158377468585968,
      0.04223392903804779,
      0.07590799033641815,
      0.09660375863313675,
      0.0,
      0.079439178109169,
      1.8070794343948364,
      0.009649256244301796,
      0.006745670456439257,
      0.010509142652153969,
      0.014456191100180149,
      0.009096306748688221,
      0.03293612226843834
    ],
    "num_samples": 500,
    "policy_kl": [
      0.3839298188686371,
      0.18750888109207153,
      0.10405292361974716,
      0.10568137466907501,
      0.08363879472017288,
      0.006277088541537523,
      0.010225939564406872,
      0.003804566338658333,
      0.0,
      0.024174124002456665,
      0.13715364038944244,
      0.0014592529041692615,
      0.0021379883401095867,
      0.0004221514391247183,
      0.0014726092340424657,
      0.0014316169545054436,
      0.08890172094106674
    ]
  }
}